562b28ad84cde481f857562c7991a8750b814e24	mods/ad_astra-forge-1.20.1-1.15.21.jar	https://edge.forgecdn.net/files/8833/730/ad_astra-forge-1.20.1-1.15.21.jar	curseforge:635042	
e6c9d9c2cd9c52aec6364d87e78924f6165b7998	mods/ae2ct-1.20.1-1.1.1.jar	https://edge.forgecdn.net/files/7182/165/ae2ct-1.20.1-1.1.1.jar	curseforge:1086241	
75a5e5d6b656034f0e33f627899c58de5b7c6e12	mods/AEInfinityBooster-1.20.1-1.0.0+51.jar	https://edge.forgecdn.net/files/6482/257/AEInfinityBooster-1.20.1-1.0.0%2B51.jar	curseforge:559313	
a1e5c7b7c7eadda4c8e954acbcbaf75a7b500d53	mods/alexscaves-2.0.2.jar	https://edge.forgecdn.net/files/5848/216/alexscaves-2.0.2.jar	curseforge:924854	
428d98891486f7a9e4864f7fe4fafa8223ad23d1	mods/alltheleaks-1.1.3+1.20.1-forge.jar	https://edge.forgecdn.net/files/8779/54/alltheleaks-1.1.3%2B1.20.1-forge.jar	curseforge:1091339	
81919356f84eab14258db98924b66c3c38e372b1	mods/appleskin-forge-mc1.20.1-2.5.1.jar	https://edge.forgecdn.net/files/4770/828/appleskin-forge-mc1.20.1-2.5.1.jar	curseforge:248787	
1a546af04844677542b6914191783c7de15364fc	mods/ae2wtlib-15.3.3-forge.jar	https://edge.forgecdn.net/files/7251/206/ae2wtlib-15.3.3-forge.jar	curseforge:459929	
ac255a120499f79f8deade474da09e3c00ff9bad	mods/appliedenergistics2-forge-15.4.10.jar	https://edge.forgecdn.net/files/7148/487/appliedenergistics2-forge-15.4.10.jar	curseforge:223794	
8b37889d94b6c1ae5cd31ddde379a1c323c3c501	mods/Applied-Mekanistics-1.4.3.jar	https://edge.forgecdn.net/files/7244/744/Applied-Mekanistics-1.4.3.jar	curseforge:574300	
a52918a500ff421180a1cbd1a0cabee712134ec4	mods/architectury-9.2.14-forge.jar	https://edge.forgecdn.net/files/5137/938/architectury-9.2.14-forge.jar	curseforge:419699	
11f55febbe256063b043e95a084fe1f3dae3d286	mods/asteorbar-forge-1.20.1-1.5.3.jar	https://edge.forgecdn.net/files/7121/0/asteorbar-forge-1.20.1-1.5.3.jar	curseforge:959237	
2acee24454af859988a691f0506271a465f68f7b	mods/athena-forge-1.20.1-3.1.2.jar	https://edge.forgecdn.net/files/5176/879/athena-forge-1.20.1-3.1.2.jar	curseforge:841890	
76d6b2d0f2a3c9842587ad20666ba419cd8c1efa	mods/AttributeFix-Forge-1.20.1-21.0.5.jar	https://edge.forgecdn.net/files/7612/291/AttributeFix-Forge-1.20.1-21.0.5.jar	curseforge:280510	
0eb5c3935eb4a2bcafa67e762054956be5f41f38	mods/auratip-forge-1.20.1-1.1.1-beta.jar	https://edge.forgecdn.net/files/8078/922/auratip-forge-1.20.1-1.1.1-beta.jar	curseforge:1515854	
4248e3b8fb20e9b6432d2225325c605f4ad7b211	mods/balm-forge-1.20.1-7.3.43.jar	https://edge.forgecdn.net/files/8862/257/balm-forge-1.20.1-7.3.43.jar	curseforge:531761	
d3cd12e2f08415fb072f8ea7572bd60b9b0d9042	mods/BCLib-20.0.13.jar	https://edge.forgecdn.net/files/8590/585/BCLib-20.0.13.jar	curseforge:1435106	
8e4fe2cd85c08c24ab363b47a63d1c872fc3cc1e	mods/betterfpsdist-1.20.1-6.0.jar	https://edge.forgecdn.net/files/5723/247/betterfpsdist-1.20.1-6.0.jar	curseforge:551520	
7cec406c736997eea5c7be0e88f625d64313e362	mods/biomespy-1.3.3-all.jar	https://edge.forgecdn.net/files/7488/30/biomespy-1.3.3-all.jar	curseforge:1376024	
a6928cb03b7c5f81900d3d3c8e8c8f6a89a51a5b	mods/botarium-forge-1.20.1-2.3.4.jar	https://edge.forgecdn.net/files/5486/70/botarium-forge-1.20.1-2.3.4.jar	curseforge:704113	
b8cc73db430fa6015671492d4332a65a8c2f5cae	mods/catalogue-forge-1.20.1-1.8.0.jar	https://edge.forgecdn.net/files/4766/90/catalogue-forge-1.20.1-1.8.0.jar	curseforge:459701	
db314944c27a99439d2f0e593f3c1cc9805a8fde	mods/certain_questing_additions-forge-1.2.0.3+mc1.20.1.jar	https://edge.forgecdn.net/files/8385/712/certain_questing_additions-forge-1.2.0.3%2Bmc1.20.1.jar	curseforge:1372051	
fb0b1fa96ce28e4be77b38ad95d83c3da7ec8316	mods/citadel-2.6.3-1.20.1.jar	https://edge.forgecdn.net/files/7476/570/citadel-2.6.3-1.20.1.jar	curseforge:331936	
c65d07748acc57ceb45d53b3964368b84f34d54f	mods/cloth-config-11.1.136-forge.jar	https://edge.forgecdn.net/files/5729/105/cloth-config-11.1.136-forge.jar	curseforge:348521	
97cc669f68dbe812cb77cc3631339334fc28b877	mods/Clumps-forge-1.20.1-12.0.0.4.jar	https://edge.forgecdn.net/files/5278/538/Clumps-forge-1.20.1-12.0.0.4.jar	curseforge:256717	
6f7c0056fece31bf393df450d79482810ed444af	mods/cofh_core-1.20.1-11.0.2.56.jar	https://edge.forgecdn.net/files/5374/122/cofh_core-1.20.1-11.0.2.56.jar	curseforge:69162	
4622cf120fd3eb82972dc6634d6a5910d04e3c91	mods/collective-1.20.1-8.39.jar	https://edge.forgecdn.net/files/8341/458/collective-1.20.1-8.39.jar	curseforge:342584	
386458190144b431ac0a7151785bb639cdff2a62	mods/colorwheel_patcher-forge-1.0.5+mc1.20.1.jar	https://edge.forgecdn.net/files/7924/940/colorwheel_patcher-forge-1.0.5%2Bmc1.20.1.jar	curseforge:1285475	
bb9435231ac7e907698c0e305aa5078400da2084	mods/colorwheel-forge-1.3.0-beta3+mc1.20.1.jar	https://edge.forgecdn.net/files/8845/412/colorwheel-forge-1.3.0-beta3%2Bmc1.20.1.jar	curseforge:1254143	
0ffc4cc183cccede7145ae1cdb002f8269330567	mods/compressedengineering-1.4.10.jar	https://edge.forgecdn.net/files/8845/416/compressedengineering-1.4.10.jar	curseforge:1052457	
065c2d287a52f52fc8d33d780192325ee6f4b6ae	mods/configured-forge-1.20.1-2.2.3.jar	https://edge.forgecdn.net/files/5180/900/configured-forge-1.20.1-2.2.3.jar	curseforge:457570	
80bd5223cd8984dc1038cb9f2d1cb6b97f31998a	mods/constructionwand-1.20.1-2.11.jar	https://edge.forgecdn.net/files/4684/54/constructionwand-1.20.1-2.11.jar	curseforge:399558	
f6d3cdd3ec68c5590cf5b2e89c38dbf031824bfd	mods/Controlling-forge-1.20.1-12.0.2.jar	https://edge.forgecdn.net/files/4646/682/Controlling-forge-1.20.1-12.0.2.jar	curseforge:250398	
939d4ca4ac42b93c05a5fb92e629fb8cff060dc9	mods/copycats-3.0.10+mc.1.20.1-forge.jar	https://edge.forgecdn.net/files/8822/431/copycats-3.0.10%2Bmc.1.20.1-forge.jar	curseforge:968398	
49d69bf7ff7282bc4815dee7d07165435a073bc8	mods/craftingstationjei-1.20.1-Forge-2.2.0.jar	https://edge.forgecdn.net/files/8851/289/craftingstationjei-1.20.1-Forge-2.2.0.jar	curseforge:1127715	
e3906e1b5cc33ad9ff930fc65b316564a3059fbf	mods/createbetterfps-1.20.1-1.1.2.jar	https://edge.forgecdn.net/files/7949/342/createbetterfps-1.20.1-1.1.2.jar	curseforge:1217518	
3bebfb40c2d232ac69214126012dd28106c3a917	mods/bigcontraptions-1.0.jar	https://edge.forgecdn.net/files/5108/576/bigcontraptions-1.0.jar	curseforge:877334	
0b086193c1df819730ca6c06d5de3c7a8ed3b4f3	mods/create_central_kitchen-1.20.1-for-create-6.0.8-1.5.1.jar	https://edge.forgecdn.net/files/8760/859/create_central_kitchen-1.20.1-for-create-6.0.8-1.5.1.jar	curseforge:820977	
98b4a41c452476496713df16ce4d52fc9f476508	mods/create_connected-1.2.3-mc1.20.1-all.jar	https://edge.forgecdn.net/files/8290/615/create_connected-1.2.3-mc1.20.1-all.jar	curseforge:947914	
b0dcd905c0ce2e22561881537235f67cce3d23dc	mods/createcoolingfan-forge-1.20.1-1.3.0.jar	https://edge.forgecdn.net/files/8615/633/createcoolingfan-forge-1.20.1-1.3.0.jar	curseforge:1603577	
0aab00450801572cd81fdf3d30221bfc4827a9dc	mods/create_jetpack_curios-1.2.0-forge-1.20.1.jar	https://edge.forgecdn.net/files/5887/734/create_jetpack_curios-1.2.0-forge-1.20.1.jar	curseforge:1057194	
8e345f8aa5f50af65123feb60dc1aa11303f8390	mods/CreateCyberGoggles-1.20.1-7.2.3-Forge.jar	https://edge.forgecdn.net/files/8622/914/CreateCyberGoggles-1.20.1-7.2.3-Forge.jar	curseforge:1233804	
54c8ad5686b846310bca9e69982a455e668dede3	mods/createdeco-2.0.3-1.20.1-forge.jar	https://edge.forgecdn.net/files/6373/226/createdeco-2.0.3-1.20.1-forge.jar	curseforge:509285	
416ea3d5c1190246369bbcfa32e5e86597402264	mods/createdieselgenerators-1.20.1-1.3.12.jar	https://edge.forgecdn.net/files/7932/785/createdieselgenerators-1.20.1-1.3.12.jar	curseforge:869316	
6006df3311cc4fd8e5ea330720a5630d38b1a857	mods/CreateDragonsPlus-1.11.8.jar	https://edge.forgecdn.net/files/8810/578/CreateDragonsPlus-1.11.8.jar	curseforge:1216624	
54349b1167eb8c7b70ca8d57caacfaece5c11e19	mods/create-enchantment-industry-2.5.2.jar	https://edge.forgecdn.net/files/8678/495/create-enchantment-industry-2.5.2.jar	curseforge:688768	
3b3ce9a2da949b63fbe1f51abfd32e5109355b10	mods/fluidlogistics-1.3.0-mc1.20.1.jar	https://edge.forgecdn.net/files/8894/36/fluidlogistics-1.3.0-mc1.20.1.jar	curseforge:1475079	mods/fluidlogistics-1.2.9.jar
799b1ad1be700000bcc1630eb4c8a9f08be4b80d	mods/interlocked-1.1.jar	https://edge.forgecdn.net/files/8829/48/interlocked-1.1.jar	curseforge:1600362	
066572eef380c5d3d34138110cf0c70c55c487bd	mods/create_jetpack-forge-4.4.6.jar	https://edge.forgecdn.net/files/7285/444/create_jetpack-forge-4.4.6.jar	curseforge:655608	
25a3142fff25f8760ee2f243c3b97bb236d51c99	mods/Railway-Automation-1.20.1-1.0.jar	https://edge.forgecdn.net/files/8676/39/Railway-Automation-1.20.1-1.0.jar	curseforge:1657925	
dedd2d929a80daab3deb6ddbda466bfd0954e590	mods/create_rns-1.3.1-1.20.1-6.jar	https://edge.forgecdn.net/files/8729/953/create_rns-1.3.1-1.20.1-6.jar	curseforge:1370563	
f167bf75d91b505857a745d2ef1ae62398230e39	mods/Create-Steam-Ages-1.0.jar	https://edge.forgecdn.net/files/8639/23/Create-Steam-Ages-1.0.jar	curseforge:1650746	
5f904126d942cdbd272a5254ec6145851e5e1e7a	mods/Steam_Rails-1.7.3+forge-mc1.20.1.jar	https://edge.forgecdn.net/files/8745/475/Steam_Rails-1.7.3%2Bforge-mc1.20.1.jar	curseforge:688231	
5bab2cc52204eb1773d31675cb015c00224b923b	mods/steampowered-1.20.1-3.1.0.jar	https://cdn.modrinth.com/data/J7eSzkL7/versions/JjQ6e6M5/steampowered-1.20.1-3.1.0.jar	modrinth:J7eSzkL7	
b13d912b9247a38d66d11598c121442585a1c1e9	mods/create-1.20.1-6.0.8.jar	https://edge.forgecdn.net/files/7178/761/create-1.20.1-6.0.8.jar	curseforge:328085	
c7d464c451fdc2979bc29a67d7eec2a30858af12	mods/createaddition-1.20.1-1.3.3.jar	https://edge.forgecdn.net/files/7208/610/createaddition-1.20.1-1.3.3.jar	curseforge:439890	
5381b3092d99c8f16f9fe36b3b680dee63db33a9	mods/CTM-1.20.1-1.1.10.jar	https://edge.forgecdn.net/files/5983/309/CTM-1.20.1-1.1.10.jar	curseforge:267602	
db25dfc4935b7f1bde62c69f13a7b70e2ecd9f2f	mods/cupboard-1.20.1-4.2.jar	https://edge.forgecdn.net/files/8889/41/cupboard-1.20.1-4.2.jar	curseforge:326652	mods/cupboard-1.20.1-4.1.jar
452175b95ad3db6ff58bb8968f6bf7a9d1e0f480	mods/curios-forge-5.14.1+1.20.1.jar	https://edge.forgecdn.net/files/6418/456/curios-forge-5.14.1%2B1.20.1.jar	curseforge:309927	
253b9a3cb915d85c06a639ac54f9a43c858dde64	mods/CustomWindowTitle-Forge-1.20+v1.2.0.jar	https://edge.forgecdn.net/files/4584/612/CustomWindowTitle-Forge-1.20%2Bv1.2.0.jar	curseforge:360673	
0222bda665449250336db60b4a3ab6a8e0c3ea02	mods/CustomMachineryCreate-forge-1.20.1-1.1.4.jar	https://edge.forgecdn.net/files/6978/360/CustomMachineryCreate-forge-1.20.1-1.1.4.jar	curseforge:1109533	
3aa0f44bac9c082005a79e5d849e2053415da544	mods/CustomMachinery-forge-1.20.1-0.10.8.jar	https://edge.forgecdn.net/files/7498/883/CustomMachinery-forge-1.20.1-0.10.8.jar	curseforge:1058446	
7375e5a68390c0e89c5efbbd23b4b77ab9efd767	mods/Custom-Machinery-Mekanism-1.3.6.jar	https://edge.forgecdn.net/files/5859/155/Custom-Machinery-Mekanism-1.3.6.jar	curseforge:1059624	
a33d48809db8a2f1eb3667fe140d7a4104d80dca	mods/drippyloadingscreen_forge_3.1.5_MC_1.20.1.jar	https://edge.forgecdn.net/files/8552/902/drippyloadingscreen_forge_3.1.5_MC_1.20.1.jar	curseforge:511770	
db51d129cef4ad8da10f02b325db3b48666fd854	mods/EdenRing-20.0.2.jar	https://edge.forgecdn.net/files/7788/701/EdenRing-20.0.2.jar	curseforge:1489521	
bb2fa8f3e493af16af9160d049f96c614a1faf2f	mods/embeddium-0.3.31+mc1.20.1.jar	https://edge.forgecdn.net/files/5681/725/embeddium-0.3.31%2Bmc1.20.1.jar	curseforge:908741	
b818f6d792b79f4ec116c89704e70292bd6f72b5	mods/entityculling-forge-1.10.5-mc1.20.1.jar	https://edge.forgecdn.net/files/8287/86/entityculling-forge-1.10.5-mc1.20.1.jar	curseforge:448233	
2a667cf12d598060271afeb3a83b5fec7594297c	mods/EventJS-1.20.1-1.4.3.jar	https://edge.forgecdn.net/files/7143/82/EventJS-1.20.1-1.4.3.jar	curseforge:1132802	
5943b86d5455753f40267c9fab3d83ea58ad6408	mods/ExtendedAE-1.20-1.4.20-forge.jar	https://edge.forgecdn.net/files/8843/577/ExtendedAE-1.20-1.4.20-forge.jar	curseforge:892005	
23b7544ab3ebd1ab9c88255434ff9dc7f217766b	mods/ExplorersCompass-1.20.1-1.4.0-forge.jar	https://edge.forgecdn.net/files/7892/927/ExplorersCompass-1.20.1-1.4.0-forge.jar	curseforge:491794	
57e35383648a1d8fb5198ffb6a8e160333832d59	mods/extendedae_plus-1.6.2.jar	https://edge.forgecdn.net/files/8755/58/extendedae_plus-1.6.2.jar	curseforge:1337639	
025499c74e1e9305fa931b44c3832f43b1925ec7	mods/ExtremeSoundMuffler-3.51-forge-1.20.1.jar	https://edge.forgecdn.net/files/7469/697/ExtremeSoundMuffler-3.51-forge-1.20.1.jar	curseforge:363363	
0f23a334ea9bb49607a5d2f71eb9724969bb2ac4	mods/fancytoasts-1.5.1-forge-1.20.1.jar	https://edge.forgecdn.net/files/8767/879/fancytoasts-1.5.1-forge-1.20.1.jar	curseforge:1326436	
d24b7fa62518b2c6346aacdf6be317667b379aac	mods/fancymenu_forge_3.9.12_MC_1.20.1.jar	https://edge.forgecdn.net/files/8752/289/fancymenu_forge_3.9.12_MC_1.20.1.jar	curseforge:367706	
26f615fd35f652021f5b0f1cba68afa7d578fe15	mods/FarmersDelight-1.20.1-1.3.4.jar	https://edge.forgecdn.net/files/8765/179/FarmersDelight-1.20.1-1.3.4.jar	curseforge:398521	
4a76af4ca71dd9939d3c21206792c0d5f75b93a7	mods/FastLeafDecay-32.jar	https://edge.forgecdn.net/files/5375/681/FastLeafDecay-32.jar	curseforge:230976	
32ea4495b0e646f8f060e4e97d17044dd9fdefbd	mods/FastSuite-1.20.1-5.1.2.jar	https://edge.forgecdn.net/files/7527/943/FastSuite-1.20.1-5.1.2.jar	curseforge:475117	
417fb6ce8f52abf40bd9d0390371790f9576f8ba	mods/ferritecore-6.0.1-forge.jar	https://edge.forgecdn.net/files/4810/975/ferritecore-6.0.1-forge.jar	curseforge:429235	
6f1536b97ce65a4a0fba2887aa2b1fa46be252b7	mods/flerovium-forge-1.20.1-1.2.19-all.jar	https://edge.forgecdn.net/files/8284/677/flerovium-forge-1.20.1-1.2.19-all.jar	curseforge:1142875	
ee2d0cdac6d2ca31f43da30f76dff8c6bae9d687	mods/ftb-chunks-forge-2001.3.8.jar	https://edge.forgecdn.net/files/8216/874/ftb-chunks-forge-2001.3.8.jar	curseforge:314906	
4f898578e3cc321397dbc59a0c44e2927000bd32	mods/ftb-essentials-forge-2001.2.4.jar	https://edge.forgecdn.net/files/7609/948/ftb-essentials-forge-2001.2.4.jar	curseforge:410811	
a5427d5ff07eb044144ed0b54308370d88bce17e	mods/ftb-library-forge-2001.2.13.jar	https://edge.forgecdn.net/files/8226/927/ftb-library-forge-2001.2.13.jar	curseforge:404465	
70f3bd771ab3b5921ce1ff5f14166fab694ca1aa	mods/ftb-quests-forge-2001.4.22.jar	https://edge.forgecdn.net/files/8078/538/ftb-quests-forge-2001.4.22.jar	curseforge:289412	
c49023f5d471aa1ba7fc624d2565fe9e82b7117e	mods/ftb-teams-forge-2001.3.2.jar	https://edge.forgecdn.net/files/7499/810/ftb-teams-forge-2001.3.2.jar	curseforge:404468	
0584f628d2bc6a612d79dee368324357ebae1423	mods/ftb-xmod-compat-forge-2.1.3.jar	https://edge.forgecdn.net/files/6402/486/ftb-xmod-compat-forge-2.1.3.jar	curseforge:889915	
8a3c74b6a5e285ec755097a76a97a469f2490726	mods/ftbxaerocompat-forge-1.1.3.jar	https://edge.forgecdn.net/files/7655/63/ftbxaerocompat-forge-1.1.3.jar	curseforge:1357724	
b332ab56810a70d95a8b1ef196c0b1ae87933247	mods/FunctionalStorageJS-1.3.jar	https://edge.forgecdn.net/files/8807/502/FunctionalStorageJS-1.3.jar	curseforge:1649716	
e651d29acc8f7d56c124a75afa6ff0d0ecea4854	mods/functionalstorage-1.20.1-1.2.14.jar	https://edge.forgecdn.net/files/8412/552/functionalstorage-1.20.1-1.2.14.jar	curseforge:556861	
1a4f550dea4fb6316a96591dc46a463ee1f6602b	mods/fzzy_config-0.7.7+1.20.1+forge.jar	https://edge.forgecdn.net/files/8883/366/fzzy_config-0.7.7%2B1.20.1%2Bforge.jar	curseforge:1005914	
81982cc287f80ffabb2fd36d22cc95e4255c739d	mods/geckolib-forge-1.20.1-4.8.4.jar	https://edge.forgecdn.net/files/8285/794/geckolib-forge-1.20.1-4.8.4.jar	curseforge:388172	
abd3c369756db290c14bf8facbca212b1e960b97	mods/gbf-1.0.2.jar	https://edge.forgecdn.net/files/8448/863/gbf-1.0.2.jar	curseforge:1455983	
c7534db3248adfcf39a6158b423dfc9bfc99a378	mods/Glodium-1.20-1.5-forge.jar	https://edge.forgecdn.net/files/5226/922/Glodium-1.20-1.5-forge.jar	curseforge:957920	
a50de2b05daa2481ca7886e4425b2c66c3946b8c	mods/GoProne-forge-1.20.1-3.1.1.jar	https://edge.forgecdn.net/files/4656/519/GoProne-forge-1.20.1-3.1.1.jar	curseforge:327968	
3d432fc99cefcfd17a12635d2d220f09a069f1c7	mods/guideme-20.1.15.jar	https://edge.forgecdn.net/files/8204/776/guideme-20.1.15.jar	curseforge:1173950	
9526c49043b9f72997759869f2ad146d83b619fb	mods/hotai-1.0.jar	https://edge.forgecdn.net/files/5071/575/hotai-1.0.jar	curseforge:969060	
d551ff55814cfb01403b812459ee5a02b020d87b	mods/Iceberg-1.20.1-forge-1.1.25.jar	https://edge.forgecdn.net/files/5838/149/Iceberg-1.20.1-forge-1.1.25.jar	curseforge:520110	
9eacd407b7dea636d375dc47335d92f616484ea2	mods/ImmediatelyFast-Forge-1.5.5+1.20.4.jar	https://edge.forgecdn.net/files/8348/481/ImmediatelyFast-Forge-1.5.5%2B1.20.4.jar	curseforge:686911	
dceb59fc5dbfa30625bfa56256480708e0c58419	mods/immersive_aircraft-1.5.0+1.20.1-forge.jar	https://edge.forgecdn.net/files/8865/821/immersive_aircraft-1.5.0%2B1.20.1-forge.jar	curseforge:666014	
b6e403e0e5be1802268be366ad1a7791f07fb793	mods/ImmersiveEngineering-1.20.1-10.2.0-183.jar	https://edge.forgecdn.net/files/6206/989/ImmersiveEngineering-1.20.1-10.2.0-183.jar	curseforge:231951	
acae8554a8cd9c5088ef581fcae71d3ceecb555b	mods/immersivefixes-1.6.1.jar	https://edge.forgecdn.net/files/8494/332/immersivefixes-1.6.1.jar	curseforge:1326199	
b66280cebb97cada77bd2f94bead864bf492e6a9	mods/ImmersiveIndustry-1.20.1-0.2.4.jar	https://edge.forgecdn.net/files/7530/803/ImmersiveIndustry-1.20.1-0.2.4.jar	curseforge:542053	
f1e375ce040ead55f9ac35cf7350d6f1082148db	mods/immersive_machinery-0.2.1+1.20.1-forge.jar	https://edge.forgecdn.net/files/8846/276/immersive_machinery-0.2.1%2B1.20.1-forge.jar	curseforge:1068736	
5f291f96a2cb7001978529ab9944769ed1433af3	mods/Industrial Platform-1.20.1-1.8.0.jar	https://edge.forgecdn.net/files/8157/752/Industrial%20Platform-1.20.1-1.8.0.jar	curseforge:1350900	
55a7f032c59489eca96069a7841601de2ff97590	mods/item-filters-forge-2001.1.0-build.59.jar	https://edge.forgecdn.net/files/4838/266/item-filters-forge-2001.1.0-build.59.jar	curseforge:309674	
c4339eb3ef0c4728cb511efe60726653a35c7a0d	mods/JadeAddons-1.20.1-Forge-5.5.1.jar	https://edge.forgecdn.net/files/8203/724/JadeAddons-1.20.1-Forge-5.5.1.jar	curseforge:583345	
d08e64e66521d69e083c8525f1fc507f1c202384	mods/Jade-1.20.1-Forge-11.13.3.jar	https://edge.forgecdn.net/files/8479/276/Jade-1.20.1-Forge-11.13.3.jar	curseforge:324717	
ea6930c226929c0f65c0d5a3f74b63ea4e0958bd	mods/JavaScriptJS-2001-1.0.3.jar	https://edge.forgecdn.net/files/6837/807/JavaScriptJS-2001-1.0.3.jar	curseforge:1238318	
0aa9c598105938ee0be35f1c1b31ab5d936b0ef6	mods/jeiintegration_1.20.1-10.0.0.jar	https://edge.forgecdn.net/files/4999/754/jeiintegration_1.20.1-10.0.0.jar	curseforge:265917	
f54caa33a63d699722b56e4b540adce74e5106fa	mods/jei_plus_plus-1.0.5-1.20.1.jar	https://edge.forgecdn.net/files/8870/204/jei_plus_plus-1.0.5-1.20.1.jar	curseforge:1645653	
bfed31fa3defb09f8890890a91359ef4ab8623e0	mods/jei-1.20.1-forge-15.59.0.212.jar	https://edge.forgecdn.net/files/8895/264/jei-1.20.1-forge-15.59.0.212.jar	curseforge:238222	mods/jei-1.20.1-forge-15.59.0.211.jar
a2d05f0e70ac59ea44f44642f94c0f99f4e80417	mods/jupiter-2.3.7-1.20.1-forge.jar	https://edge.forgecdn.net/files/7738/299/jupiter-2.3.7-1.20.1-forge.jar	curseforge:1072905	
7792b3b92e0a91e7ca9b54446590bb0466ff98e6	mods/jecharacters-1.20.1-forge-4.6.11.jar	https://edge.forgecdn.net/files/8771/525/jecharacters-1.20.1-forge-4.6.11.jar	curseforge:250702	
b059217831d8c8f16ccda3df97c5eca676e9418a	mods/kaleidoscope_compat-2.6.5-forge+mc1.20.1.jar	https://edge.forgecdn.net/files/8462/133/kaleidoscope_compat-2.6.5-forge%2Bmc1.20.1.jar	curseforge:1580791	
eb5feb59870574c6f65a3f5a29c8c7a3b187b63e	mods/kaleidoscopecookery_automation-1.0.1.jar	https://edge.forgecdn.net/files/7685/895/kaleidoscopecookery_automation-1.0.1.jar	curseforge:1467064	
21dbbe0e97966b38bbfd5a45287d7f463dfe0436	mods/kaleidoscopecookery-1.4.1-forge+mc1.20.1.jar	https://edge.forgecdn.net/files/8266/769/kaleidoscopecookery-1.4.1-forge%2Bmc1.20.1.jar	curseforge:1309203	
4998ecd33f97f11dbec4d256fa424502de553aa8	mods/kaleidoscope_end-1.0.14-forge+mc1.20.1.jar	https://edge.forgecdn.net/files/8323/717/kaleidoscope_end-1.0.14-forge%2Bmc1.20.1.jar	curseforge:1456076	
ad07ae00e6a1d9270fda145fb72c3fb87fc80473	mods/kaleidoscope_nether-1.1.8-forge+mc1.20.1.jar	https://edge.forgecdn.net/files/8252/557/kaleidoscope_nether-1.1.8-forge%2Bmc1.20.1.jar	curseforge:1417862	
2e8f6370fb4acae9796705b6e84716c4a398b9c5	mods/kaleidoscopetavern-1.2.0-forge+mc1.20.1.jar	https://edge.forgecdn.net/files/8350/841/kaleidoscopetavern-1.2.0-forge%2Bmc1.20.1.jar	curseforge:1475175	
2019d821bed9071daabed43979433a5473ceee49	mods/konkrete_forge_1.8.0_MC_1.20-1.20.1.jar	https://edge.forgecdn.net/files/5028/413/konkrete_forge_1.8.0_MC_1.20-1.20.1.jar	curseforge:410295	
962fdb760409d6d71cbf079235f1ca94e3863a22	mods/kotlinforforge-4.12.0-all.jar	https://edge.forgecdn.net/files/7291/67/kotlinforforge-4.12.0-all.jar	curseforge:351264	
c4e4282d80322d5d41f1f1cdb4811ded6ab97b11	mods/Ksyxis-1.4.4.jar	https://edge.forgecdn.net/files/8891/330/Ksyxis-1.4.4.jar	curseforge:537533	mods/Ksyxis-1.4.3.jar
c2720e589a292d5d168ef71a57f5dc3436db96b1	mods/kubejsadditions-forge-4.3.4.jar	https://edge.forgecdn.net/files/6302/185/kubejsadditions-forge-4.3.4.jar	curseforge:594387	
cbeb6643d1cea979a7e01c87cfb08b9210a1c393	mods/kubejs-create-forge-2001.3.0-build.8.jar	https://edge.forgecdn.net/files/6265/498/kubejs-create-forge-2001.3.0-build.8.jar	curseforge:429371	
d16736c07c210f41d4987a95c26f439bb5121d14	mods/kubejs-mekanism-forge-2001.1.5.1-build.2.jar	https://edge.forgecdn.net/files/5532/573/kubejs-mekanism-forge-2001.1.5.1-build.2.jar	curseforge:1062867	
34b49996a309b60542459eaea58405066dcae4a0	mods/kubejsthermalaugments-1.20.1-1.0.0.jar	https://edge.forgecdn.net/files/6039/588/kubejsthermalaugments-1.20.1-1.0.0.jar	curseforge:1169089	
b18e0b08daf4f2d83af0439448b61d2a036e604a	mods/kubejs-thermal-2001.1.10-build.5.jar	https://edge.forgecdn.net/files/8043/140/kubejs-thermal-2001.1.10-build.5.jar	curseforge:421694	
8b0cc9797d4ed00fd2d1002d58960af8b32012ae	mods/kubejs-forge-2001.6.5-build.26.jar	https://edge.forgecdn.net/files/8020/595/kubejs-forge-2001.6.5-build.26.jar	curseforge:238086	
acd53eaae56f6bc0b3b60b9cda1f37dcc71ec9d3	mods/leawind_third_person-v2.2.0-mc1.20-1.20.1-forge.jar	https://edge.forgecdn.net/files/5961/735/leawind_third_person-v2.2.0-mc1.20-1.20.1-forge.jar	curseforge:930880	
e44a12eb51813b16faaab89b8073ec63c746c1b0	mods/lmft-1.0.4+1.20.1-forge.jar	https://edge.forgecdn.net/files/4892/299/lmft-1.0.4%2B1.20.1-forge.jar	curseforge:656346	
804deb0bd34d69cad873170642b9d7e47fa0d6ad	mods/lootjs-forge-1.20.1-2.13.1.jar	https://edge.forgecdn.net/files/7551/186/lootjs-forge-1.20.1-2.13.1.jar	curseforge:570630	
1ec77a7df8adbf3290a296bf25b8f99f37a60020	mods/lootr-forge-1.20-0.7.35.94.jar	https://edge.forgecdn.net/files/7263/76/lootr-forge-1.20-0.7.35.94.jar	curseforge:361276	
0d6af73ad4f11fe685aa466cedd2786b7bc57245	mods/Mantle-1.20.1-1.11.117.jar	https://edge.forgecdn.net/files/8809/819/Mantle-1.20.1-1.11.117.jar	curseforge:74924	
5b401aae107ae084443fd8b634e283c841aeccd1	mods/placeablemaxwell-2.1.2+1.20.1-forge.jar	https://edge.forgecdn.net/files/7422/406/placeablemaxwell-2.1.2%2B1.20.1-forge.jar	curseforge:759402	
0da297fdd6317b4c3a79375687be4497de3173d1	mods/me_beam_former-1.3.0.jar	https://edge.forgecdn.net/files/7765/493/me_beam_former-1.3.0.jar	curseforge:1351545	
56ba051d2de76403f511e46ce78ad919bd68d89a	mods/meplacementtool-2.1.4-forge1.20.1.jar	https://edge.forgecdn.net/files/8097/758/meplacementtool-2.1.4-forge1.20.1.jar	curseforge:1408718	
3a2a6b5d1d062fa962cfbda208b3fbebc887778c	mods/mekagenjei-1.2.1-20.1.jar	https://edge.forgecdn.net/files/8129/5/mekagenjei-1.2.1-20.1.jar	curseforge:1347827	
53fa707fd204ca1dd099a08995c2197145ff9a36	mods/MekanismGenerators-1.20.1-10.4.16.80.jar	https://edge.forgecdn.net/files/6552/914/MekanismGenerators-1.20.1-10.4.16.80.jar	curseforge:268566	
56ac9a6d0ffa84443f95ec798ccfbee80023a6ab	mods/MekanismPipezFix-1.20.1-1.0.1.jar	https://edge.forgecdn.net/files/7661/925/MekanismPipezFix-1.20.1-1.0.1.jar	curseforge:1233861	
b7f12ae710888b01746507a0aa8cb375f5897158	mods/Mekanism-1.20.1-10.4.16.80.jar	https://edge.forgecdn.net/files/6552/911/Mekanism-1.20.1-10.4.16.80.jar	curseforge:268560	
e0942d396a70c09038e6c2e5e1da6505178249b8	mods/melody_forge_1.0.3_MC_1.20.1-1.20.4.jar	https://edge.forgecdn.net/files/5109/692/melody_forge_1.0.3_MC_1.20.1-1.20.4.jar	curseforge:938643	
5bdda0781bf9dfb5f992a7aa2bee64d5d3fe0b84	mods/modelfix-1.15.jar	https://edge.forgecdn.net/files/5200/949/modelfix-1.15.jar	curseforge:676136	
fcebe51e3c2ca34793f9b132fa05b5494ffc76a4	mods/ModernUI-Forge-1.20.1-3.12.0.1-universal.jar	https://edge.forgecdn.net/files/6956/345/ModernUI-Forge-1.20.1-3.12.0.1-universal.jar	curseforge:352491	
24109106b51846d387aa00c06d1445c35410c31c	mods/modernfix-forge-5.27.83+mc1.20.1.jar	https://edge.forgecdn.net/files/8774/721/modernfix-forge-5.27.83%2Bmc1.20.1.jar	curseforge:790626	
31f9486bebffd731966227c526d7363f27ba5c8f	mods/moreburners-1.20.1-0.3.5.jar	https://edge.forgecdn.net/files/7395/216/moreburners-1.20.1-0.3.5.jar	curseforge:1111030	
d751153e722a4e014691c83f39f5b07c6ec5333c	mods/MouseTweaks-forge-mc1.20.1-2.25.1.jar	https://edge.forgecdn.net/files/5338/457/MouseTweaks-forge-mc1.20.1-2.25.1.jar	curseforge:60089	
07967425ee023cf03681541c7a3067eb7833a443	mods/MultiBuilderTool-1.20.1-1.0.27.jar	https://edge.forgecdn.net/files/8499/284/MultiBuilderTool-1.20.1-1.0.27.jar	curseforge:827020	
c29952b75a42d06fac3403b6355537d78d89fe5e	mods/multiblocked2-1.20.1-1.0.39.a.jar	https://edge.forgecdn.net/files/8830/563/multiblocked2-1.20.1-1.0.39.a.jar	curseforge:1104057	
661313382f1764e14df775b0061050d946699de6	mods/MyNethersDelight-1.20.1-1.10.4-backport.1.jar	https://edge.forgecdn.net/files/8636/385/MyNethersDelight-1.20.1-1.10.4-backport.1.jar	curseforge:1003673	
a8589de59cdd8fed9c29610e624063a2990e422b	mods/NaturesCompass-1.20.1-1.12.0-forge.jar	https://edge.forgecdn.net/files/7892/948/NaturesCompass-1.20.1-1.12.0-forge.jar	curseforge:252848	
8a765a12a478281f7cab603983d318989c505289	mods/neoecoae-20.4.2.jar	https://edge.forgecdn.net/files/8739/989/neoecoae-20.4.2.jar	curseforge:1460639	
b110e4590177475dcde70dd9dafd5257116ad9f8	mods/netherportalfix-forge-1.20-13.0.1.jar	https://edge.forgecdn.net/files/4939/735/netherportalfix-forge-1.20-13.0.1.jar	curseforge:241160	
7da1cdf00c0ae5cad31e17f765f6ea021c8ac808	mods/noisium-forge-2.3.0+mc1.20-1.20.1.jar	https://cdn.modrinth.com/data/KuNKN7d2/versions/gbYUKrDP/noisium-forge-2.3.0%2Bmc1.20-1.20.1.jar	modrinth:KuNKN7d2	
7fd5a8ef4845937d1af0d014e88241539093c2d9	mods/nolijium-0.1.3.jar	https://edge.forgecdn.net/files/5592/871/nolijium-0.1.3.jar	curseforge:969602	
5d786730c1aee28751d480d497ce893cdff0bb87	mods/notenoughcrashes-4.4.9+1.20.1-forge.jar	https://edge.forgecdn.net/files/6598/273/notenoughcrashes-4.4.9%2B1.20.1-forge.jar	curseforge:442354	
c0806369f4257149664904db44efc60bd1785c17	mods/Not Enough Recipe Book-FORGE-0.4.1+1.20.1.jar	https://edge.forgecdn.net/files/5760/231/Not%20Enough%20Recipe%20Book-FORGE-0.4.1%2B1.20.1.jar	curseforge:738663	
9eab28baff36942e1c924489e34753df10f40208	mods/OctoLib-FORGE-0.5.0.1+1.20.1.jar	https://edge.forgecdn.net/files/6274/623/OctoLib-FORGE-0.5.0.1%2B1.20.1.jar	curseforge:916747	
984f774e71790deaec674c7587bd24e0711871b2	mods/oculus-mc1.20.1-1.8.0.jar	https://edge.forgecdn.net/files/6020/952/oculus-mc1.20.1-1.8.0.jar	curseforge:581495	
f903e07b03b2ea391c106f2d2f02274c9633b316	mods/OELib-forge-1.20.1-0.2.4.1.jar	https://edge.forgecdn.net/files/8063/317/OELib-forge-1.20.1-0.2.4.1.jar	curseforge:1319210	
fb7a17938f72282fad9194a76fa0924e17f00bea	mods/OneEnoughBlock-1.1.3.1-hotfix.jar	https://edge.forgecdn.net/files/7884/515/OneEnoughBlock-1.1.3.1-hotfix.jar	curseforge:1356867	
2dca7406c6bc5acf7cab6f001de36ae9beef754c	mods/OneEnoughFluid-1.1.1-hotfix.jar	https://edge.forgecdn.net/files/7884/506/OneEnoughFluid-1.1.1-hotfix.jar	curseforge:1366406	
cc24a959278990277483fe200286e3307d7f6d7e	mods/OneEnoughItem-1.0.8.jar	https://edge.forgecdn.net/files/7939/113/OneEnoughItem-1.0.8.jar	curseforge:1312660	
79ebc5e66a5ee3ce92afb340e693d506e97361a0	mods/packetfixer-3.3.2-1.18-1.20.4-merged.jar	https://edge.forgecdn.net/files/7872/374/packetfixer-3.3.2-1.18-1.20.4-merged.jar	curseforge:689467	
7616deeb511132de1c071a47bd6811b8e7a8d7e0	mods/Paintings-forge-1.20.1-11.0.0.2.jar	https://edge.forgecdn.net/files/5196/35/Paintings-forge-1.20.1-11.0.0.2.jar	curseforge:252042	
d4614507d6e4c7cb464bba5eca891978272062ef	mods/Patchouli-1.20.1-85-FORGE.jar	https://edge.forgecdn.net/files/7731/17/Patchouli-1.20.1-85-FORGE.jar	curseforge:306770	
a3a7008e07a27b3c831af7e4c82fbbc10a4da328	mods/Paxi-1.20-Forge-4.0.jar	https://edge.forgecdn.net/files/4749/994/Paxi-1.20-Forge-4.0.jar	curseforge:515708	
9c2f69f212c186d346d1f28f6d6f144ce8c3bf66	mods/pipez_optimizer-1.0.5-1.20.1.jar	https://edge.forgecdn.net/files/8885/599/pipez_optimizer-1.0.5-1.20.1.jar	curseforge:1643017	mods/pipez_optimizer-1.0.4-1.20.1.jar
1c32e2fff406f1e8ee6b0689eca257f6bc28e4c7	mods/pipez-forge-1.20.1-1.2.26.jar	https://edge.forgecdn.net/files/6945/379/pipez-forge-1.20.1-1.2.26.jar	curseforge:443900	
e85f53de2e582a79ce25ff1df1e7b5b5fc08440f	mods/Placebo-1.20.1-8.6.3.jar	https://edge.forgecdn.net/files/6274/231/Placebo-1.20.1-8.6.3.jar	curseforge:283644	
16808f94a41d45d8e986b4e4ea6b02ba57fa058a	mods/player-animation-lib-forge-1.0.2-rc1+1.20.jar	https://edge.forgecdn.net/files/4587/214/player-animation-lib-forge-1.0.2-rc1%2B1.20.jar	curseforge:658587	
bf49919adc9e9109196762ff20030f823790e2db	mods/polylib-forge-2000.0.3-build.143.jar	https://edge.forgecdn.net/files/5350/440/polylib-forge-2000.0.3-build.143.jar	curseforge:576589	
4f464a183a2df82978c3f6cf55e714bde694af68	mods/polymorph-forge-0.49.11+1.20.1.jar	https://edge.forgecdn.net/files/8854/504/polymorph-forge-0.49.11%2B1.20.1.jar	curseforge:388800	
4617a4de40edda9a480ea0c33ba03e97d4a3ae1a	mods/polyeng-forge-0.1.1-1.20.1.jar	https://edge.forgecdn.net/files/5282/394/polyeng-forge-0.1.1-1.20.1.jar	curseforge:941096	
13b9c11524d826eeba71a848b38e0c58800cac47	mods/powerful_dummy-20-0.0.10.jar	https://edge.forgecdn.net/files/8876/874/powerful_dummy-20-0.0.10.jar	curseforge:1276893	
aff030e4fadb788201599e5cfff325f171b5028f	mods/powerfuljs-1.6.1.jar	https://edge.forgecdn.net/files/4951/461/powerfuljs-1.6.1.jar	curseforge:819845	
bcb4bbb1052f49ed4fe6e7d5d7f91f68d45c3fe3	mods/Prism-1.20.1-forge-1.0.5.jar	https://edge.forgecdn.net/files/4650/325/Prism-1.20.1-forge-1.0.5.jar	curseforge:638111	
5380211b1c2891f454a136545721526b184d8513	mods/probejs-6.0.1-forge.jar	https://edge.forgecdn.net/files/5227/399/probejs-6.0.1-forge.jar	curseforge:585406	
1e3068348ed0cf5d7948b8620a4384a000b9c4a7	mods/quest_enhance-1.20.1-forge-3.9.jar	https://edge.forgecdn.net/files/8886/966/quest_enhance-1.20.1-forge-3.9.jar	curseforge:1610171	mods/quest_enhance-1.20.1-forge-3.8.jar
bc0f67b84bd55531c8da3ae692e0a5887da94028	mods/quick-pack-forge-1.5.0+1.20.1-all-srg.jar	https://edge.forgecdn.net/files/8619/188/quick-pack-forge-1.5.0%2B1.20.1-all-srg.jar	curseforge:1380888	
597d40920dcc935f963842c817dcc4901862ab14	mods/resourcefulconfig-forge-1.20.1-2.1.3.jar	https://edge.forgecdn.net/files/6231/176/resourcefulconfig-forge-1.20.1-2.1.3.jar	curseforge:714059	
6fc590a7c56a720fec57e290cbb0a106efbb3ffa	mods/resourcefullib-forge-1.20.1-2.1.29.jar	https://edge.forgecdn.net/files/5659/871/resourcefullib-forge-1.20.1-2.1.29.jar	curseforge:570073	
c83c9b719a6bab33fbd2b3f2f680eb3adbfc1aa1	mods/rhino-forge-2001.2.3-build.10.jar	https://edge.forgecdn.net/files/6186/971/rhino-forge-2001.2.3-build.10.jar	curseforge:416294	
bb422d5626bf69841e444a3e545c8e71b6928cf8	mods/rubidium-extra-0.5.4.4+mc1.20.1-build.131.jar	https://edge.forgecdn.net/files/6101/745/rubidium-extra-0.5.4.4%2Bmc1.20.1-build.131.jar	curseforge:654373	
ed5a23ec30c90fd06b3f1d8140614028e1fafaee	mods/Searchables-forge-1.20.1-1.0.3.jar	https://edge.forgecdn.net/files/5284/15/Searchables-forge-1.20.1-1.0.3.jar	curseforge:858542	
75c6418edc76da55ec89f417e8c43c9d1873fceb	mods/servercore-forge-1.5.2+1.20.1.jar	https://edge.forgecdn.net/files/5929/264/servercore-forge-1.5.2%2B1.20.1.jar	curseforge:550579	
9eab28baff36942e1c924489e34753df10f40208	mods/OctoLib-FORGE-0.5.0.1+1.20.1.jar	https://edge.forgecdn.net/files/6274/623/OctoLib-FORGE-0.5.0.1%2B1.20.1.jar	curseforge:916747	
c6a8b553bc95a39b16af4d272c8afccf6df55d70	mods/smartercontraptionstorage-1.20.1-6.0.0-1.4.5.jar	https://edge.forgecdn.net/files/7383/922/smartercontraptionstorage-1.20.1-6.0.0-1.4.5.jar	curseforge:1050582	
3fd79132dba444bd109b5de4ad75dee06a48e130	mods/smoothboot(reloaded)-mc1.20.1-0.0.4.jar	https://edge.forgecdn.net/files/5016/280/smoothboot%28reloaded%29-mc1.20.1-0.0.4.jar	curseforge:633412	
9be2c9c53e063890b90bc6b24cce3fc96f7cfa47	mods/sophisticatedbackpacks-1.20.1-3.26.3.2157.jar	https://edge.forgecdn.net/files/8845/923/sophisticatedbackpacks-1.20.1-3.26.3.2157.jar	curseforge:422301	
68f35e2930bff5f30340419257b38962df2e0983	mods/sophisticatedcore-1.20.1-1.5.1.2335.jar	https://edge.forgecdn.net/files/8839/328/sophisticatedcore-1.20.1-1.5.1.2335.jar	curseforge:618298	
b4d4caae7a79ad13f10ad1948e48b17fabae90a4	mods/SophisticatedSorter-forge-1.20.1-1.1.1.jar	https://edge.forgecdn.net/files/8879/811/SophisticatedSorter-forge-1.20.1-1.1.1.jar	curseforge:1375092	
f7fa1fd0c633b10f98d7f0f97766b95aac1a2dc0	mods/solcarrot-1.20.1-1.15.1.jar	https://edge.forgecdn.net/files/4888/575/solcarrot-1.20.1-1.15.1.jar	curseforge:277616	
ec567d383778b35f8f5c85f0bc55ecf389682336	mods/tconstruct_js-1.0.6.jar	https://edge.forgecdn.net/files/8352/452/tconstruct_js-1.0.6.jar	curseforge:1210790	
fb9d9e9d53a4b21863fa99ab90d51b478df02acf	mods/thermalconstruct-1.20.1-0.0.4.jar	https://edge.forgecdn.net/files/7560/401/thermalconstruct-1.20.1-0.0.4.jar	curseforge:1280482	
c79fe5b922653d109cdcee45f4bca24c86daf6c0	mods/thermal_expansion-1.20.1-11.0.1.29.jar	https://edge.forgecdn.net/files/5372/749/thermal_expansion-1.20.1-11.0.1.29.jar	curseforge:69163	
53a6271a645882009d2e52ef2803cdf3296b19dc	mods/ThermalExtra-3.3.1-1.20.1.jar	https://edge.forgecdn.net/files/7926/122/ThermalExtra-3.3.1-1.20.1.jar	curseforge:573674	
7c1fbd79c9bda7478560faa886eaadf0dd8d181f	mods/thermal_foundation-1.20.1-11.0.6.70.jar	https://edge.forgecdn.net/files/5443/583/thermal_foundation-1.20.1-11.0.6.70.jar	curseforge:222880	
5c6881416ff4fb116d05f4a48acf12b30f10af82	mods/thermal_innovation-1.20.1-11.0.1.23.jar	https://edge.forgecdn.net/files/5372/751/thermal_innovation-1.20.1-11.0.1.23.jar	curseforge:291737	
8d6ecb5e6c8b7dc0a95eeaba012c6bcd1b75e77d	mods/thermal_integration-1.20.1-11.0.1.27.jar	https://edge.forgecdn.net/files/5374/210/thermal_integration-1.20.1-11.0.1.27.jar	curseforge:626708	
a194d3b30854a22cea4373472b3b3c45241be4c9	mods/thermal_parallel-1.0.1-beta.2.jar	https://edge.forgecdn.net/files/8048/253/thermal_parallel-1.0.1-beta.2.jar	curseforge:1350169	
097c54a87a6d8453bfcc3a90a8343c8b2f58af42	mods/ticktweaks-forge-1.2.5.jar	https://edge.forgecdn.net/files/6980/171/ticktweaks-forge-1.2.5.jar	curseforge:1037402	
5404d0801442ea4f8dab5f7e3b24f3449b190d0b	mods/curiotiab-1.20.1-2.0.2.jar	https://edge.forgecdn.net/files/4810/683/curiotiab-1.20.1-2.0.2.jar	curseforge:835981	
25a1aef5ed1984104835bcfb5d03027d32ce856b	mods/time-in-a-bottle-4.0.4-mc1.20.1.jar	https://edge.forgecdn.net/files/4744/787/time-in-a-bottle-4.0.4-mc1.20.1.jar	curseforge:895919	
ab20cfeb4a8397295f376a60b45bac705509dce5	mods/TConstruct-1.20.1-3.12.0.220.jar	https://edge.forgecdn.net/files/8809/959/TConstruct-1.20.1-3.12.0.220.jar	curseforge:74072	
db1df2e61e410ebe099c331a71372a48e6bfd8de	mods/TconPlanner-1.20.1-forge-1.8.0.jar	https://edge.forgecdn.net/files/8600/413/TconPlanner-1.20.1-forge-1.8.0.jar	curseforge:1307719	
22a329b9a1779fe345a36293f64d2aca906b4cd1	mods/tinkersmossymodifier-forge-1.20-1.20.1-1.0.0.jar	https://edge.forgecdn.net/files/7886/434/tinkersmossymodifier-forge-1.20-1.20.1-1.0.0.jar	curseforge:1495188	
5f62877e68fb326c35cf847e615512d7dd801b20	mods/titanium-1.20.1-3.8.35.jar	https://edge.forgecdn.net/files/8426/836/titanium-1.20.1-3.8.35.jar	curseforge:287342	
013680b29aac6438a970fe713342f2f61658c4e8	mods/Torcherino-forge-1.20.1-20.0.0.jar	https://edge.forgecdn.net/files/4722/725/Torcherino-forge-1.20.1-20.0.0.jar	curseforge:236794	
ac5a20b5a2fd9ed7d6e9a0c033f53307947e5f3f	mods/TreeChop-1.20.1-forge-0.19.0-fixed.jar	https://edge.forgecdn.net/files/5565/422/TreeChop-1.20.1-forge-0.19.0-fixed.jar	curseforge:421377	
397dc912e94bb651bc8dcc193c0f77ed38bead17	mods/treetap-1.20.1-0.5.0.jar	https://edge.forgecdn.net/files/5922/848/treetap-1.20.1-0.5.0.jar	curseforge:927874	
d24732304e2ce77399ee301daa3edbc5a09ed872	mods/TES-forge-1.20.1-1.6.1.jar	https://edge.forgecdn.net/files/7126/708/TES-forge-1.20.1-1.6.1.jar	curseforge:830420	
cc24a258a264969d617bea604386dd39011d3daa	mods/UntranslatedItems-forge-1.20.1-1.21.jar	https://edge.forgecdn.net/files/8678/2/UntranslatedItems-forge-1.20.1-1.21.jar	curseforge:401770	
7ffdf848dc8578db309fd54c08f05ddc1ddbd45a	mods/uti_afac-1.1.6+1.20.1-forge.jar	https://edge.forgecdn.net/files/8628/628/uti_afac-1.1.6%2B1.20.1-forge.jar	curseforge:1071634	
5519e010b9992aa723d34ece6a14a3892d52a3dc	mods/vartapack-forge-mc1.20.1-1.1.3-mc1.20.1.jar	https://edge.forgecdn.net/files/8221/174/vartapack-forge-mc1.20.1-1.1.3-mc1.20.1.jar	curseforge:1552180	
118c9980f3e3499d935382b8a920902d7d649aa6	mods/vintageimprovements-1.20.1-0.3.7.8.jar	https://edge.forgecdn.net/files/8522/308/vintageimprovements-1.20.1-0.3.7.8.jar	curseforge:1255448	
ca49a4163794cc0f94a31a17f6956be11979db53	mods/vintage_kubejs-1.20.1-1.0.0rc-2.jar	https://edge.forgecdn.net/files/5607/145/vintage_kubejs-1.20.1-1.0.0rc-2.jar	curseforge:1077532	
6a46259eb5cbf8d37697a20dfe7238ed180e4602	mods/WunderLib-20.0.1.jar	https://edge.forgecdn.net/files/7486/522/WunderLib-20.0.1.jar	curseforge:1435097	
718a4339f6dad3a56b6e7243e62febfb643b7151	mods/xaerominimap-forge-1.20.1-26.5.0.jar	https://edge.forgecdn.net/files/8849/836/xaerominimap-forge-1.20.1-26.5.0.jar	curseforge:263420	
4906476a6a0a7e64772db17b3e707fdd4bbbc0fb	mods/xaeroworldmap-forge-1.20.1-1.46.0.jar	https://edge.forgecdn.net/files/8849/965/xaeroworldmap-forge-1.20.1-1.46.0.jar	curseforge:317780	
216bdc20b75723c4cdca48d8ccb8b4652fcb4765	mods/CrosshairBobbing-1.10.jar	https://edge.forgecdn.net/files/6159/805/CrosshairBobbing-1.10.jar	curseforge:884276	
af584b690f5646c6032002b58abc4591beed3833	mods/YungsApi-1.20-Forge-4.0.6.jar	https://edge.forgecdn.net/files/5769/971/YungsApi-1.20-Forge-4.0.6.jar	curseforge:421850	
